p_A52_1,1000
p_A52_2,1001
p_AREA_1_CB_IGV,1002
p_AREA_FMENF_CA,1003
p_AREA_FMENF_CB,1004
p_AREA_FMOUT_CA,1005
p_CDPA,1006
p_CICDPA,1007
p_CIST8A,1008
p_CITCCA,1009
p_CITCCB,1010
p_CITCTA,1011
p_CITCTB,1012
p_CITenf,1013
p_CITRCA,1014
p_CITRCB,1015
p_CITRTA,1016
p_CITRTB,1017
p_CIW_TA,1018
p_CIW_TB,1019
p_CIw1_TA,1020
p_CIw1_TB,1021
p_CPmaterial,1022
p_DENSIDAD_FMENF_CA,1023
p_DENSIDAD_FMENF_CB,1024
p_DENSIDAD_FMOUT_CA,1025
p_F_MAX_ENF,1026
p_F_MAX_ENF_U1CCA,1027
p_F_MAX_ENF_U1CCB,1028
p_F_MAX_ENF_U1CTA,1029
p_F_MAX_ENF_U1CTB,1030
p_F_MAX_ENF_U4RTA,1031
p_F_MAX_ENF_U4RTB,1032
p_FCV_68127,1033
p_FLUJO_MASICO_AIRE,1034
p_FLUJO_MASICO_CA,1035
p_FLUJO_MASICO_CB,1036
p_FLUJO_MASICO_ENF_CA,1037
p_FLUJO_MASICO_ENF_CB,1038
p_FLUJO_MASICO_GAS,1039
p_FLUJO_MASICO_GAS_VIGV,1040
p_FLUJO_MASICO_OUT_CA,1041
p_FLUJO_MASICO_SALIDAVBV,1042
p_FLUJO_MASICO_TA,1043
p_FLUJO_MASICO_TB,1044
p_Frecuencia,1045
p_K_ADECUACION_CDPA,1046
p_K_ADECUACION_K1_ROTOR1_TA,1047
p_K_ADECUACION_K1_ROTOR1_TB,1048
p_K_ADECUACION_ST8A,1049
p_mCCA,1050
p_mCCB,1051
p_mCTA,1052
p_mCTB,1053
p_menf,1054
p_mRCA,1055
p_mRCB,1056
p_mRTA,1057
p_mRTB,1058
p_POTENCIA_CA,1059
p_POTENCIA_CB,1060
p_POTENCIA_MEC,1061
p_POTENCIA_TA,1062
p_POTENCIA_TB,1063
p_QA,1064
p_QB,1065
p_QCCA,1066
p_QCCB,1067
p_QCTA,1068
p_QCTB,1069
p_QRCA,1070
p_QRCB,1071
p_QRTA,1072
p_QRTB,1073
p_RADIO_MEDIO_CA,1074
p_RADIO_MEDIO_CB,1075
p_RADIO_MEDIO_TA,1076
p_RADIO_MEDIO_TB,1077
p_RHO_AREA_1_CB,1078
p_ST8A,1079
p_T_Giro_TA,1080
p_T_Giro_TB,1081
p_TAO_CDPA,1082
p_TAO_ST8A,1083
p_TAO_TA_ROTOR1,1084
p_TAO_TB_ROTOR1,1085
p_TCCA,1086
p_TCCB,1087
p_Tchiller,1088
p_TCTA,1089
p_TCTB,1090
p_Tenf,1091
p_TgCA,1092
p_TgCB,1093
p_Tgenf,1094
p_TgenfA,1095
p_TgTA,1096
p_TgTB,1097
p_Tlub,1098
p_Torque_Arracador_TA,1099
p_Torque_Arracador_TB,1100
p_TORQUE_CA,1101
p_TORQUE_CB,1102
p_TORQUE_Exc,1103
p_TORQUE_TA,1104
p_TORQUE_TB,1105
p_TRCA,1106
p_TRCB,1107
p_TRTA,1108
p_TRTB,1109
p_U_CA,1110
p_U_CB,1111
p_U_TA,1112
p_U_TB,1113
p_U1CCA,1114
p_U1CCB,1115
p_U1CTA,1116
p_U1CTB,1117
p_Pow_He6888,1118
p_Tao_Res_HE6888,1119
p_PoW_max,1120
p_CI_Res_HE6888,1121
p_On_Off_HE6888,1122
p_U1enf,1123
p_U1RCA,1124
p_U1RCB,1125
p_U1RTA,1126
p_U1RTB,1127
p_U2CCA,1128
p_U2CCB,1129
p_U2CTA,1130
p_U2CTB,1131
p_U2enf,1132
p_U2RCA,1133
p_U2RCB,1134
p_U2RTA,1135
p_U2RTB,1136
p_U3enf,1137
p_U3RCA,1138
p_U3RCB,1139
p_U3RTA,1140
p_U3RTB,1141
p_U4enf,1142
p_U4RTA,1143
p_U4RTB,1144
p_CPaire,1145
p_VELOCIDAD_FMENF_CA,1146
p_VELOCIDAD_FMENF_CB,1147
p_VELOCIDAD_FMOUT_CA,1148
p_VN1_CB,1149
p_VT1_CA,1150
p_VT1_CB,1151
p_VT2_CA,1152
p_VT2_CB,1153
p_VT2_TA,1154
p_VT2_TB,1155
p_VT3_TA,1156
p_VT3_TB,1157
p_W_CA,1158
p_W_CB,1159
p_W_TA,1160
p_W_TB,1161
p_w1_TA,1162
p_w1_TB,1163
p_AFCV_6872,1164
p_ALFA1_CB,1165
p_Alfa1_cb_control,1166
p_ALFA1_CONTROL_CB,1167
p_ALFA2_CB,1168
p_ALFA3_CB,1169
p_AREA_1_CB,1170
p_AREA_2_CB,1171
p_AREA_3_CB,1172
p_BETA1_CB,1173
p_BETA2_CB,1174
p_BETA3_CB,1175
p_CIALFA1,1176
p_CIAREA1IGV,1177
p_CIAREA1VBV,1178
p_CP_CB,1179
p_DELTA_PRESION_CB,1180
p_FCV_6872,1181
p_GRAVEDAD,1182
p_K_ADECUACION_1_CB,1183
p_K_ADECUACION_AREA1_CA,1184
p_K_ADECUACION_AREA1_CB,1185
p_PDI64070,1186
p_PRESION_ENTRADA_COMPRESOR_BAJA,1187
p_PRESION_SALIDA_COMPRESOR_BAJA,1188
p_RHO_AREA_2_CB,1189
p_RHO_AREA_3_CB,1190
p_RHO_DELTA_PRESION_CB,1191
p_TAO_ALFA_1_CB,1192
p_TAO_IGV_CB_A1,1193
p_TAO_VBV_CA_A1,1194
p_TEMPERATURA_ENTRADA_COMPRESOR_BAJA,1195
p_TEMPERATURA_SALIDA_COMPRESOR_BAJA,1196
p_V1_CB,1197
p_V2_CB,1198
p_V3_CB,1199
p_VN2_CB,1200
p_VN3_CB,1201
p_VRB1_CB,1202
p_VRB2_CB,1203
p_VRB3_CB,1204
p_VT3_CB,1205
p_ALFA_1_CA,1206
p_ALFA1_CA,1207
p_Alfa1_ca_control,1208
p_ALFA1_CONTROL_CA,1209
p_ALFA2_CA,1210
p_ALFA3_CA,1211
p_AREA_1_CA,1212
p_AREA_2_CA,1213
p_AREA_3_CA,1214
p_AREA1_CONTROL_CA,1215
p_BETA_3_CA,1216
p_BETA1_CA,1217
p_BETA2_CA,1218
p_BETA3_CA,1219
p_CIALFA1_CA,1220
p_CIAREA1_CA,1221
p_CIBETA3CA,1222
p_CONTROL_BETA3_CA_CONTROL,1223
p_CP_CA,1224
p_DELTA_PRESION_CA,1225
p_FCV_6871,1226
p_FCV_6873,1227
p_K_ADECUACION_1_CA,1228
p_K_ADECUACION_BETA3_CA,1229
p_PRESION_SALIDA_COMPRESOR_ALTA,1230
p_RHO_AREA_1_CA,1231
p_RHO_AREA_2_CA,1232
p_RHO_AREA_3_CA,1233
p_RHO_DELTA_PRESION_CA,1234
p_TAO_ALFA_1_CA,1235
p_TAO_BETA3_CA,1236
p_TAO_CA_A1,1237
p_TEMPERATURA_SALIDA_COMPRESOR_ALTA,1238
p_V1_CA,1239
p_V2_CA,1240
p_V3_CA,1241
p_VN1_CA,1242
p_VN2_CA,1243
p_VN3_CA,1244
p_VRB1_CA,1245
p_VRB2_CA,1246
p_VRB3_CA,1247
p_VT3_CA,1248
p_ALFA_1_TA,1249
p_ALFA_1_TB,1250
p_ALFA1_TA,1251
p_ALFA1_TB,1252
p_ALFA2_TA,1253
p_ALFA2_TB,1254
p_ALFA3_TA,1255
p_ALFA3_TB,1256
p_BETA1_TA,1257
p_BETA1_TB,1258
p_BETA2_TA,1259
p_BETA2_TB,1260
p_BETA3_TA,1261
p_BETA3_TB,1262
p_CONSTANTE_AREAS_1_TA,1263
p_CONSTANTE_AREAS_1_TB,1264
p_CONSTANTE_AREAS_2_TA,1265
p_CONSTANTE_AREAS_2_TB,1266
p_AREA_1_TB,1267
p_BETA_1_CB,1268
p_K_ADECUACION_BETA3_CB,1269
p_BETA3_CONTROL_CB,1270
p_TAO_BETA3_CB,1271
p_CP_TA,1272
p_CP_TB,1273
p_DELTA_PRESION_TA,1274
p_DELTA_PRESION_TB,1275
p_PRESION_SALIDA_TURBINA_ALTA,1276
p_PRESION_SALIDA_TURBINA_BAJA,1277
p_RHO_DELTA_PRESION_TA,1278
p_RHO_DELTA_PRESION_TB,1279
p_TEMPERATURA_ENTRADA_TURBINA_ALTA,1280
p_TEMPERATURA_SALIDA_TURBINA_ALTA,1281
p_TEMPERATURA_SALIDA_TURBINA_BAJA,1282
p_V1_TA,1283
p_V1_TB,1284
p_V2_TA,1285
p_V2_TB,1286
p_V3_TA,1287
p_V3_TB,1288
p_VN1_TA,1289
p_VN1_TB,1290
p_VN2_TA,1291
p_VN2_TB,1292
p_VN3_TA,1293
p_VN3_TB,1294
p_VRB1_TA,1295
p_VRB1_TB,1296
p_VRB2_TA,1297
p_VRB2_TB,1298
p_VRB3_TA,1299
p_VRB3_TB,1300
p_VT1_TA,1301
p_VT1_TB,1302
p_BETA_3_CB,1303
p_CI2TORQUE_TA,1304
p_CIBETA3CB,1305
p_CIFCV68127,1306
p_CIFCV68128,1307
p_CONTROL_FCV68128,1308
p_CIFCV6871,1309
p_CIFCV6872,1310
p_CIFCV6873,1311
p_CITORQUE_TA,1312
p_CONTROL_FCV68127,1313
p_CONTROL_FCV6871,1314
p_CONTROL_FCV6872,1315
p_CONTROL_FCV6873,1316
p_FCV_68128,1317
p_K_ADECUACION_FCV68127,1318
p_K_ADECUACION_FCV68128,1319
p_K_ADECUACION_FCV6871,1320
p_K_ADECUACION_FCV6872,1321
p_K_ADECUACION_FCV6873,1322
p_PRESION_ENTRADA_TURBINA_ALTA,1323
p_PT_6804,1324
p_PT_6814,1325
p_PT_6859A,1326
p_PT_6859B,1327
p_PT_6860,1328
p_SE_6800A,1329
p_SE_6800B,1330
p_SE_6812,1331
p_SE_6813,1332
p_TAO_FCV68127,1333
p_TAO_FCV68128,1334
p_TAO_FCV6871,1335
p_TAO_FCV6872,1336
p_TAO_FCV6873,1337
p_TE_6821A,1338
p_TE_6821B,1339
p_TE_6837A,1340
p_TE_6837B,1341
p_TE_6838A1,1342
p_TE_6838A2,1343
p_TE_6838B1,1344
p_TE_6838B2,1345
p_TE_6843,1346
p_TE_6844,1347
p_TE_6845,1348
p_TE_6846,1349
p_TE_6847,1350
p_TE_6848,1351
p_TE_6849,1352
p_TE_6850,1353
p_TORQUE_TA2,1354
p_ZT_68127A,1355
p_ZT_68127B,1356
p_ZT_68128A,1357
p_ZT_68128B,1358
p_ZT_6871A,1359
p_ZT_6871B,1360
p_ZT_6872A,1361
p_ZT_6872B,1362
p_ZT_6873A,1363
p_ZT_6873B,1364
p_ALFA_2,1365
p_TAO_TA_ROTOR_1,1366
p_TAO_TB_ROTOR_1,1367
p_CONTROL_TA_TORQUE_1,1368
p_IGV_CONTROL_CB_A1,1369
p_Presion_atm_PSI,1370
p_DSH6405,1371
p_RESULTADO,1372
p_FLUJO_COMBUSTIBLE,1373
p_arrancador,1374
p_tcontrol1,1375
p_tcontrol2,1376
p_tcontrol3,1377
p_tcontrol4,1378
p_tcontrol5,1379
p_tcontrol6,1380
p_tcontrol7,1381
p_tcontrol8,1382
p_tcontrol9,1383
p_tcontrol10,1384
p_tcontrol11,1385
p_tcontrol12,1386
p_tcontrol13,1387
p_tcontrol14,1388
p_tcontrol15,1389
p_tcontrol16,1390
p_tcontrol17,1391
p_tcontrol18,1392
p_tcontrol19,1393
p_tcontrol20,1394
p_tcontrol21,1395
p_tcontrol22,1396
p_tcontrol23,1397
p_tcontrol24,1398
p_tcontrol25,1399
p_posicionVSV,1400
p_posicionFC62109,1401
p_posicionFC62108,1402
p_posicionFC62107,1403
p_posicionTBV,1404
p_posicionFC6298,1405
p_posicionIGV,1406
p_posicionVBV,1407
p_posicionPTB,1408
p_posicionST8,1409
p_VOLTAJE_SALIDA,1410
p_CONSENOBETA1TA,1411
p_CONSENOBETA2TA,1412
p_CONSTANBETA2TA,1413
p_CONSENOBETA3TA,1414
p_CONSTANBETA3TA,1415
p_CONSENOBETA1TB,1416
p_CONSENOBETA2TB,1417
p_CONSTANBETA2TB,1418
p_CONSENOBETA3TB,1419
p_CONSTANBETA3TB,1420
p_AreaTB,1421
p_AreaTA,1422
p_PreCal,1423
p_Ex,1424
p_valvulaA,1425
p_valvulaB,1426
p_valvulaC,1427
p_ControlCarga,1428
p_ConsignaCarga,1429
p_SenalCarga,1430
p_CISenalCarga,1431
p_taoSenalCarga,1432
p_CONSAREA1,1433
p_CONSAREA2_TA,1434
p_CONSAREA1_TB,1435
p_CONSAREA2_TB,1436
p_AREA1_CB,1437
p_AREA2_CB,1438
p_AREA3_CB,1439
p_AREA1_CA,1440
p_AREA2_CA,1441
p_AREA3_CA,1442
p_Flujonque_AH,1443
p_FlujoOutTanque_AH,1444
p_LargoTanque_AH,1445
p_AnchoTanque_AH,1446
p_CINivelTanque_AH,1447
p_TempAceiteTank_AH,1448
p_WElec_AH,1449
p_UTanque_AH,1450
p_TempAmbiente,1451
p_CpAceite_AH,1452
p_MasaAceite_AH,1453
p_CITempAceiteTanque_AH,1454
p_Ur_AH,1455
p_MasaAceiter_AH,1456
p_CITempAceiter_AH,1457
p_PotMaxVentilador_AH,1458
p_TaoVentilador_AH,1459
p_CIPotVentilador_AH,1460
p_PotMaxBomba_AH,1461
p_TaoBomba_AH,1462
p_CIPotBomba_AH,1463
p_VelocidadArranHidra,1464
p_VelocidadMaxAH,1465
p_TaoAH,1466
p_CIVelArranHidra,1467
p_TempMetalAH,1468
p_hMetal_AH,1469
p_Mmetal_AH,1470
p_CpMetal_AH,1471
p_ViscosidadAceite_AH,1472
p_eLub_AH,1473
p_AContac_AH,1474
p_Diametro_AH,1475
p_CITempMetalAH,1476
p_TempAceiteAH,1477
p_MAceiteAH,1478
p_CITempAceiteAH,1479
p_gral_AH,1480
p_CIAH,1481
p_Proporional_AH,1482
p_ro_AH,1483
p_errorPI_AH,1484
p_Sat_AH,1485
p_Variador_AH,1486
p_CPI_AH,1487
p_LInf_AH,1488
p_LSup_AH,1489
p_SetPoAH,1490
p_ki_AH,1491
p_kp_AH,1492
p_Nivel_Tanque_AH,1493
p_PotenciaBomba_AH,1494
p_PotenciaVentilador_AH,1495
p_PresionBombS_AH,1496
p_FlujoBombS_AH,1497
p_PresionBombP_AH,1498
p_FlujoBombP_AH,1499
p_TempAceitercambiador_AH,1500
p_TempAceitenk_AH,1501
p_FlujoOutr_AH,1502
p_VelocidadVentilador_AH,1503
p_Proporcional_AH,1504
p_TorqueAH,1505
p_DensidadAceite_AH,1506
p_Patm,1507
p_FallaVent_AH,1508
p_FallaBomb_AH,1509
p_OnOffVentilador_AH,1510
p_OnOffBomba_AH,1511
p_OnOffCalentador_AH,1512
p_Cp_agua,1513
p_VolEsp_agua,1514
p_Densidad_agua,1515
p_CI_I,1516
p_Acc_I,1517
p_Ap_valvula,1518
p_Cv_aire,1519
p_Cp_aire,1520
p_TambK,1521
p_TambC,1522
p_TambF,1523
p_Viscosidad_Aire,1524
p_R_aire,1525
p_Presion_atm,1526
p_Densidad_aire,1527
p_Tem_in_64031K,1528
p_Tem_in_64031F,1529
p_Tem_in_64031C,1530
p_Tem_in_64030K,1531
p_Tem_in_64030F,1532
p_Tem_in_64030C,1533
p_Tem_in_64033K,1534
p_Tem_in_64033F,1535
p_Tem_in_64033C,1536
p_Tem_in_64032K,1537
p_Tem_in_64032F,1538
p_Tem_in_64032C,1539
p_AreafilA,1540
p_AreafilB,1541
p_AreafilC,1542
p_Permeabilidad,1543
p_Longitud_filtro,1544
p_PDSH6405,1545
p_PDSH6405_mmH2O,1546
p_PDSH6405_inH2O,1547
p_PDSH64060,1548
p_PDSH64060_mmH2O,1549
p_PDSH64060_inH2O,1550
p_PDSH64018,1551
p_TaoHexCarcasa,1552
p_PDSH64018_mmH2O,1553
p_PDSH64018_inH2O,1554
p_WBombaA,1555
p_PI_A,1556
p_PI_B,1557
p_WBombaB,1558
p_PresionFinalBomba,1559
p_PresionFinalBombaB,1560
p_Flujo_in_agua,1561
p_Flujo_in_aguaB,1562
p_Vel_maxBombaA,1563
p_Vel_BombaA,1564
p_Vel_maxBombaB,1565
p_Vel_BombaB,1566
p_VelI_A,1567
p_CI_VelA,1568
p_CI_VelB,1569
p_Tao_bombaA,1570
p_ParInducidoMotorBomba,1571
p_AreaCal,1572
p_UCal,1573
p_Temperatura_final_Cal,1574
p_MasaCal,1575
p_CICale,1576
p_TemperaturaInicial,1577
p_Potencia_resistenciaMax,1578
p_Potencia_resistencia,1579
p_CIRes,1580
p_TaoRes,1581
p_AreaEvap,1582
p_UEvap,1583
p_Temperatura_final_Evap,1584
p_MasaEvap,1585
p_CIEvap,1586
p_Tempera_Inicial_Evap,1587
p_Potencia_frigorifica_Max,1588
p_CI_Potencia_frigorifica,1589
p_Tao_Potencia_frigorifica,1590
p_Potencia_frigorifica,1591
p_TinHexAgua,1592
p_Tem_fin_6450,1593
p_Tem_fin_6450_F,1594
p_Tem_fin_6499,1595
p_Tem_fin_6499_F,1596
p_Tem_fin_64072,1597
p_CIAireVentA,1598
p_Tem_fin_6402,1599
p_Tem_fin_6402_F,1600
p_CITem6402,1601
p_Tem_fin_64071,1602
p_CIAireVentB,1603
p_Tem_fin_64072_F,1604
p_Tem_fin_64071_F,1605
p_MasaHEXAire,1606
p_Flujo_Aire_r,1607
p_Flujo_Aire_inGen,1608
p_CIAireA,1609
p_CIAireB,1610
p_Pow_Res_Electrica,1611
p_TgasesTurbina,1612
p_Vel_in_Aire,1613
p_Vel_out_Aire,1614
p_Uturbina,1615
p_Aturbina,1616
p_MasaTurbina,1617
p_Temperatura_aire_turbina,1618
p_CIAire_Turbina,1619
p_CIMasaTurbina,1620
p_VolCuartoTurb,1621
p_Dif_PI_VentiTur_mmH2O,1622
p_Dif_PI_VentiTur_inH2O,1623
p_WVenti,1624
p_CI_PI_Venti,1625
p_Dif_PI_VentiTur,1626
p_CI_VentiVel,1627
p_Tao_Ventilador,1628
p_ParInducidoMotorVentilador,1629
p_VelMaxVenti,1630
p_VelFinalVenti,1631
p_RadioMedio,1632
p_Angulos,1633
p_VelAireIn,1634
p_Area_Ventilador,1635
p_WVentiGen,1636
p_Dif_PI_VentiGen,1637
p_ParInducidoMotorVentiGen,1638
p_RadioMedioGen,1639
p_AngulosGen,1640
p_Area_VentiladorGen,1641
p_Flujo_Aire_r_B,1642
p_CI_VentiVelGen,1643
p_Tao_VentiGen,1644
p_VelAireInGen,1645
p_VelMaxVentiGen,1646
p_VelFinalVentiGen,1647
p_PDSL6407,1648
p_OnOffBombaChiller,1649
p_AutomaticoVent,1650
p_OnOffBombaBChiller,1651
p_ManualVent,1652
p_FallaVentilador,1653
p_onoffVentTurb,1654
p_StartManualVent,1655
p_StopManualVent,1656
p_FallaVentiGen,1657
p_AutomaticoVentGen,1658
p_ManualVentGen,1659
p_onoffVentGen,1660
p_StartManualVentGen,1661
p_StopManualVentGen,1662
p_Calentamiento,1663
p_Enfriamiento,1664
p_Cv,1665
p_Cp,1666
p_R_gas,1667
p_Tiempo,1668
p_Flujo_in,1669
p_Tamb,1670
p_Humedadgasin,1671
p_DensidadAgua,1672
p_DensidadGas,1673
p_PresionSum,1674
p_PresionSum_kg,1675
p_ViscosiGas,1676
p_VelocidadGasin,1677
p_VelocidadGasin2,1678
p_XvalControl1max,1679
p_CIXvalControl1,1680
p_TaoXvalControl1,1681
p_FlujoMax,1682
p_XvalControl1,1683
p_XvalControlv1max,1684
p_CIXvalControl_1_v1,1685
p_TaoXvalControl_1_v1,1686
p_XvalControl_1_v1,1687
p_CIXvalControl_2_v1,1688
p_TaoXvalControl_2_v1,1689
p_XvalControl_2_v1,1690
p_ki_CG,1691
p_kp_CG,1692
p_LInf_CG,1693
p_LSup_CG,1694
p_SPP_v1,1695
p_errorPI_CG,1696
p_Acc_P_CG,1697
p_Acc_I_CG,1698
p_Acc_PI_CG,1699
p_Ap_valvula_CG,1700
p_CI_I_CG,1701
p_satu_CG,1702
p_Valvula_control_CG,1703
p_On_off_Valvula_YX106,1704
p_AreaTub,1705
p_VolTanqueDepu1,1706
p_AreaTanqueDepu1,1707
p_UTanqueDepu1,1708
p_TemperaturaOutTanqueDepu1,1709
p_TemperaturaOutTanqueDepu1_C,1710
p_MasaTanqueDepu1,1711
p_CIMasaTanqDepu1,1712
p_CITanqDepu1,1713
p_CI_PresionTanqueDepu1,1714
p_PresionTanqueDepu1_kg,1715
p_Eta_Fil1,1716
p_AreaFilTanqueDepu1,1717
p_CIFIL1,1718
p_NivelTanqueDepu1,1719
p_NivelTanqueDepu1mm,1720
p_TaoTanqueDepu1,1721
p_Flujo_outDepu1,1722
p_Flujo_purgaTanDepu1,1723
p_P_in,1724
p_P_out,1725
p_Temperatura_nqueDepu1,1726
p_Temperatura_final_TanSuc1,1727
p_MasaTanqueSuc1,1728
p_VolTanqueSuc1,1729
p_UTanqueSuc1,1730
p_AreaTanqueSuc1,1731
p_CIPresionOutTanSuc1,1732
p_CITanqueSuc1,1733
p_Flujo_OutTanSuc1,1734
p_CIMasaTanSuc1,1735
p_Temperatura_in,1736
p_Masa1,1737
p_VelMaximaMotorCompresor,1738
p_TaoMotorCompresor,1739
p_CIVelocidad,1740
p_DiamFlechaMotor,1741
p_Temperatura_final_1ra,1742
p_Temperatura_final_1ra_C,1743
p_Trabajo_in1,1744
p_ParInducidoMotorComp1,1745
p_CIMotorCompresor,1746
p_VelMotorCompresor,1747
p_PresionIn1ra,1748
p_PresionOut1ra,1749
p_CI1ra,1750
p_TaoComp1ra,1751
p_Eta_CIC,1752
p_onoffComp1ra,1753
p_StartManual1ra,1754
p_StopManual1ra,1755
p_LocalRemoto1ra,1756
p_Automatico1ra,1757
p_Manual1ra,1758
p_FallaCompresor,1759
p_UTanqueExp,1760
p_CITanqueExp,1761
p_MasaTanqueExp,1762
p_VolTanqueExp,1763
p_UTanqueDeExpa,1764
p_Temperatura_final_TanExp,1765
p_AreaTanqueExp,1766
p_CIPresionOutTanExp,1767
p_PresionOutTanExp_kg,1768
p_Temperatura_final_TanExp_C,1769
p_CIMasaTanqueExp,1770
p_AreaHEX,1771
p_UHEX,1772
p_Temperatura_final_HEX,1773
p_Temperatura_final_HEX_C,1774
p_MasaHEX,1775
p_CIHEX1,1776
p_PresionOutHEX,1777
p_CI_Vel_Vent_HEX,1778
p_Tao_Vent_HEX,1779
p_Vel_MAX_Vent_HEX,1780
p_OnOff_Vent_HEX,1781
p_Falla_Vent_HEX,1782
p_Velocidad_Ventilador_HEX,1783
p_VolTanqueDepu2,1784
p_AreaTanqueDepu2,1785
p_UTanqueDepu2,1786
p_TemperaturaOutTanqueDepu2,1787
p_TemperaturaOutTanqueDepu2_C,1788
p_CIMasaTanqueDepu2,1789
p_MasaTanqueDepu2,1790
p_CITanqDepu2,1791
p_CIPresionTanqueDepu2,1792
p_NivelTanqueDepu2,1793
p_NivelTanqueDepu2mm,1794
p_Eta_Fil2,1795
p_AreaFilTanqueDepu2,1796
p_CIFIL2,1797
p_Temperatura_final_TanSuc2,1798
p_MasaTanqueSuc2,1799
p_VolTanqueSuc2,1800
p_UTanqueSuc2,1801
p_AreaTanqueSuc2,1802
p_PresionOutTanSuc2,1803
p_CITanqueSuc2,1804
p_Masa2,1805
p_Temperatura_final_2da,1806
p_Temperatura_final_2da_C,1807
p_ParInducidoMotorComp2,1808
p_PresionIn2da,1809
p_TaoComp2da,1810
p_Trabajo_in2,1811
p_PresionOut2da,1812
p_PresionOut2da_kg,1813
p_CI2da,1814
p_eficom2,1815
p_UTanqueExp2,1816
p_CITanqueExp2,1817
p_MasaTanqueExp2,1818
p_CIMasaTanqueExp2,1819
p_VolTanqueExp2,1820
p_UTanqueDeExpa2,1821
p_Temperatura_final_TanExp2,1822
p_AreaTanqueExp2,1823
p_CIPresionOutTanExp2,1824
p_PresionOutTanExp2_kg,1825
p_AreaTub2,1826
p_VelocidadGasin3,1827
p_AreaHEX2,1828
p_UHEX2,1829
p_Temperatura_final_HEX2,1830
p_Temperatura_final_HEX2_C,1831
p_MasaHEX2,1832
p_CIHEX2,1833
p_PresionOutHEX2,1834
p_PresionOutHEX2_kg,1835
p_VolTanqueCoal_V3,1836
p_AreaTanqCoal_V3,1837
p_UFilCoal_V3,1838
p_TempOutCoal_V3,1839
p_TempOutCoal_V3_C,1840
p_CIMasaTanqueCoal_V3,1841
p_MasaTanqueCoal_V3,1842
p_Eta_Coal_V3,1843
p_Eta_VANE,1844
p_CITemCoal_V3,1845
p_PresionTanqueCoal_V3_kg,1846
p_CIPresionTanqueCoal_V3,1847
p_NivelCoal_V3,1848
p_NivelCoal_V3mm,1849
p_AreaFilTanqCoal_V3,1850
p_CICoal_V3,1851
p_CICoal_V3B,1852
p_NivelCoal_V3B,1853
p_NivelCoal_V3Bmm,1854
p_DifPresCoal_V3,1855
p_AreaFilTanqCoal_V082_1,1856
p_CICoal_FV082_1A,1857
p_CICoal_FV082_1B,1858
p_TempOutCoalFV082_1,1859
p_TempOutCoalFV082_1_C,1860
p_CITemCoalV082_1,1861
p_CIPre_Fil_FV082_1,1862
p_NivelCoalFV082_1A,1863
p_NivelCoalFV082_1Amm,1864
p_NivelCoalFV082_1B,1865
p_NivelCoalFV082_1Bmm,1866
p_VolCoalV082_1,1867
p_CIMasaCoalV082_1,1868
p_MasaCoalFV082_1,1869
p_Eta_Coal_FV082_1A,1870
p_Eta_Coal_FV082_1B,1871
p_On_off_Filtro_FV082_1,1872
p_AreaTub3,1873
p_Longi_Filto_FV082,1874
p_AreaFilTanqCoal_V082_2,1875
p_CICoal_FV082_2A,1876
p_CICoal_FV082_2B,1877
p_TempOutCoalFV082_2,1878
p_TempOutCoalFV082_2_C,1879
p_CITemCoalV082_2,1880
p_CIPre_Fil_FV082_2,1881
p_NivelCoalFV082_2A,1882
p_NivelCoalFV082_2Amm,1883
p_NivelCoalFV082_2B,1884
p_NivelCoalFV082_2Bmm,1885
p_VolCoalV082_2,1886
p_CIMasaCoalV082_2,1887
p_MasaCoalFV082_2,1888
p_Eta_Coal_FV082_2A,1889
p_Eta_Coal_FV082_2B,1890
p_On_off_Filtro_FV082_2,1891
p_VelocidadGasout4,1892
p_TaoCoal1,1893
p_PermeabCoal1,1894
p_PDIS_082,1895
p_PDIS_082_psi,1896
p_CI_HEX_LUB,1897
p_U_HEX_LUB,1898
p_Area_HEX_LUB,1899
p_MasaAceite_HEX,1900
p_Vel_BombaAceite,1901
p_CI_VelAceiteceite,1902
p_Tao_bombaAceite,1903
p_WBombaAceite,1904
p_ParInducidoMotorBombaAceite,1905
p_Flujo_in_aceite,1906
p_PresionFinalBombaAceite_kg,1907
p_Densidad_aceite,1908
p_PI_Aceite,1909
p_LocalRemotoLub,1910
p_AutomaticoBomLub,1911
p_ManualBomLub,1912
p_FallaBomLub,1913
p_onoffBomLub,1914
p_StartManualBomLub,1915
p_StopManualBomLub,1916
p_AreaChumaComp,1917
p_EspesorAceite,1918
p_UChuma,1919
p_TempAceiteoutLubComp,1920
p_TempAceiteoutLubComp_C,1921
p_Temperatura_in_LubComp,1922
p_MasaLubComp,1923
p_CILubComp,1924
p_CpAceite,1925
p_kg_kPa,1926
p_k_L_ln,1927
p_CIT_Chuma_3111A,1928
p_CIT_Chuma_3111B,1929
p_CIT_ChumEmpu_3113,1930
p_TemChum3111A,1931
p_TemChum3111B,1932
p_TemChumEmpu_3113,1933
p_Visco_Aceite,1934
p_Area_Contacto,1935
p_Diam_eje,1936
p_Espesor_Lub,1937
p_Cp_metal,1938
p_Masa_metal,1939
p_Avibra,1940
p_Bvibra,1941
p_Cvibra,1942
p_Dvibra,1943
p_CIDesplazamiento,1944
p_CIVelDes,1945
p_Desplazamiento,1946
p_VelDesplazamiento,1947
p_Apertura_Max_FCV62109,1948
p_Segnal_FCV62109,1949
p_CI_Apertura_FCV62109,1950
p_Tao_Valvula_FCV62109,1951
p_X_FCV62109,1952
p_Falla_FCV62109,1953
p_Onn_Off_FCV62109,1954
p_LSS2,1955
p_Apertura_Max_FCV62108,1956
p_Segnal_FCV62108,1957
p_CI_Apertura_FCV62108,1958
p_Tao_Valvula_FCV62108,1959
p_X_FCV62108,1960
p_Onn_Off_FCV62108,1961
p_Apertura_Max_FCV62107,1962
p_Segnal_FCV62107,1963
p_CI_Apertura_FCV62107,1964
p_Tao_Valvula_FCV62107,1965
p_X_FCV62107,1966
p_Onn_Off_FCV62107,1967
p_Flujo62109,1968
p_Apertura_Max_FSV62571,1969
p_Segnal_FSV62571,1970
p_CI_Apertura_FSV62571,1971
p_Tao_Valvula_FSV62571,1972
p_X_FSV62571,1973
p_Onn_Off_FSV62571,1974
p_Flujo_FSV62571,1975
p_Apertura_Max_FSV62570,1976
p_Segnal_FSV62570,1977
p_CI_Apertura_FSV62570,1978
p_Tao_Valvula_FSV62570,1979
p_X_FSV62570,1980
p_Onn_Off_FSV62570,1981
p_Flujo_FSV62570,1982
p_FlujoSOV6208,1983
p_Apertura_Max_SOV6208,1984
p_CI_Apertura_SOV6208,1985
p_Tao_Valvula_SOV6208,1986
p_X_SOV6208,1987
p_Segnal_SOV6208,1988
p_Onn_Off_SOV6208,1989
p_Flujo_FSV6204,1990
p_WF36DMD_SUM,1991
p_Apertura_Max_FSV6204,1992
p_CI_Apertura_FSV6204,1993
p_Tao_Valvula_FSV6204,1994
p_X_FSV6204,1995
p_Segnal_FSV6204,1996
p_Onn_Off_FSV6204,1997
p_Flujo_FSV6249,1998
p_Apertura_Max_FSV6249,1999
p_CI_Apertura_FSV6249,2000
p_Tao_Valvula_FSV6249,2001
p_X_FSV6249,2002
p_Segnal_FSV6249,2003
p_Onn_Off_FSV6249,2004
p_PI6214,2005
p_PI62139A,2006
p_PI62140A,2007
p_PI62141A,2008
p_PI62139B,2009
p_PI62140B,2010
p_PI62141B,2011
p_PI62136A,2012
p_PI62137A,2013
p_PI62138A,2014
p_PI62136B,2015
p_PI62137B,2016
p_PI62138B,2017
p_SOV62110,2018
p_SOV62111,2019
p_SOV62112,2020
p_SOV62113,2021
p_SOV62114,2022
p_SOV62115,2023
p_SOV62116,2024
p_SOV62117,2025
p_SOV62118,2026
p_SOV62119,2027
p_SOV62120,2028
p_On_Off_SOV62110,2029
p_On_Off_SOV62111,2030
p_On_Off_SOV62112,2031
p_On_Off_SOV62113,2032
p_On_Off_SOV62114,2033
p_On_Off_SOV62115,2034
p_On_Off_SOV62116,2035
p_On_Off_SOV62117,2036
p_On_Off_SOV62118,2037
p_On_Off_SOV62119,2038
p_On_Off_SOV62120,2039
p_CI_Apertura_SOV62110,2040
p_CI_Apertura_SOV62111,2041
p_CI_Apertura_SOV62112,2042
p_CI_Apertura_SOV62113,2043
p_CI_Apertura_SOV62114,2044
p_CI_Apertura_SOV62115,2045
p_CI_Apertura_SOV62116,2046
p_CI_Apertura_SOV62117,2047
p_CI_Apertura_SOV62118,2048
p_CI_Apertura_SOV62119,2049
p_CI_Apertura_SOV62120,2050
p_Tao_Valvula_SOV,2051
p_Apertura_Max_SOV,2052
p_K_Val_FCV621,2053
p_Flujo_FCV62107,2054
p_Flujo_FCV62109,2055
p_Flujo_FCV62108,2056
p_Flujo_SOV62111,2057
p_Flujo_SOV62113,2058
p_Flujo_SOV62116,2059
p_Flujo_SOV62118,2060
p_Flujo_SOV62120,2061
p_Flujo_SOV62115,2062
p_Flujo_toberas,2063
p_Flujo_SOV62110,2064
p_Flujo_SOV62112,2065
p_Flujo_SOV62114,2066
p_Flujo_SOV62117,2067
p_Flujo_SOV62119,2068
p_FallaVenti,2069
p_FallaComp,2070
p_Apertura_Max_FCV64217,2071
p_Segnal_FCV64217,2072
p_CI_Apertura_FCV64217,2073
p_Tao_Valvula_FCV64217,2074
p_X_FCV64217,2075
p_Onn_Off_FCV64217,2076
p_X_bioxidoR,2077
p_HumedadGas,2078
p_AcidoSulf,2079
p_X_etano,2080
p_X_Ibutano,2081
p_X_Ipentano,2082
p_X_metano,2083
p_X_Nbutano,2084
p_X_Neopentano,2085
p_X_Nhexano,2086
p_X_nitrogenoR,2087
p_X_Npentano,2088
p_X_Propano,2089
p_X_Oxigeno,2090
p_DH_Agua_V,2091
p_DH_bioxido,2092
p_DH_Ibutano,2093
p_DH_metano,2094
p_DH_Nbutano,2095
p_DH_Nhexano,2096
p_DH_nitrogeno,2097
p_DH_Oxigeno,2098
p_DH_Propano,2099
p_TemAmb,2100
p_TemGas,2101
p_DH_Neopentano,2102
p_DH_Ipentano,2103
p_DH_Npentano,2104
p_DH_etano,2105
p_B_Agua,2106
p_B_bioxido,2107
p_B_etano,2108
p_B_Ibutano,2109
p_B_Ipentano,2110
p_B_metano,2111
p_B_Nbutano,2112
p_B_Neopentano,2113
p_B_Nhexano,2114
p_B_nitrogeno,2115
p_B_Npentano,2116
p_B_Propano,2117
p_Cp_bioxido,2118
p_Cp_etano,2119
p_Cp_gas,2120
p_Cp_Ibutano,2121
p_Cp_Ipentano,2122
p_Cp_metano,2123
p_Cp_Nbutano,2124
p_Cp_Neopentano,2125
p_Cp_Nhexano,2126
p_Cp_nitrogeno,2127
p_Cp_Npentano,2128
p_Cp_Propano,2129
p_HF_Agua_V,2130
p_HF_bioxido,2131
p_HF_etano,2132
p_HF_Ibutano,2133
p_HF_Ipentano,2134
p_HF_metano,2135
p_HF_Nbutano,2136
p_HF_Neopentano,2137
p_HF_Nhexano,2138
p_HF_Npentano,2139
p_HF_Oxigeno,2140
p_HF_Propano,2141
p_kJkg_Btulb,2142
p_M_aire,2143
p_M_bioxido,2144
p_M_etano,2145
p_M_gas,2146
p_M_Ibutano,2147
p_M_Ipentano,2148
p_M_metano,2149
p_M_Nbutano,2150
p_M_Neopentano,2151
p_M_Nhexano,2152
p_M_nitrogeno,2153
p_M_Npentano,2154
p_M_Propano,2155
p_PCIp,2156
p_PreRef,2157
p_AE62326_AI,2158
p_Pres_in,2159
p_PreSatAgua,2160
p_Rho_rel,2161
p_Rhoideal,2162
p_Ru,2163
p_TRef,2164
p_X_Agua_L,2165
p_X_Agua_Sat,2166
p_X_bioxidoP,2167
p_X_nitrogenoP,2168
p_Z_Gas_humedo,2169
p_Z_Gas_seco,2170
p_Cv_gas,2171
p_k_gas,2172
p_Rgas,2173
p_Rhoreal,2174
p_TemGasC,2175
p_TemGasF,2176
p_HOxigenoSY,2177
p_HnitrogenoSY,2178
p_HbioxidoSY,2179
p_HNhexanoSY,2180
p_HPropanoSY,2181
p_HmetanoSY,2182
p_HNbutanoSY,2183
p_HIbutanoSY,2184
p_HNeopentanoSY,2185
p_HIpentanoSY,2186
p_HNpentanoSY,2187
p_HetanoSY,2188
p_HAgua_L,2189
p_hhv,2190
p_kJ_kCal,2191
p_HF_Agua_L,2192
p_AC_masa,2193
p_AC_mol,2194
p_AG,2195
p_error6,2196
p_Exceso_MASICO_porciento,2197
p_Exceso_MOLAR_porciento,2198
p_f_molar,2199
p_fMASICO,2200
p_Hproductos,2201
p_M_aire_kg_kmol,2202
p_M_gas_kg_kmol,2203
p_mairemax_kg_s,2204
p_mairemax_kmol_s,2205
p_mgas_kg_s,2206
p_mgas_kmol_s,2207
p_num_carbon,2208
p_num_hidrogeno,2209
p_num_hidrogeno2,2210
p_num_nitrogeno,2211
p_num_oxigeno,2212
p_poli1suma,2213
p_poli2suma,2214
p_RAC_ideal_masa,2215
p_RAC_ideal_mol,2216
p_RACreal_masa,2217
p_RACreal_mol,2218
p_RCA_ideal_masa,2219
p_RCA_ideal_mol,2220
p_RCAreal_masa,2221
p_RCAreal_mol,2222
p_suma,2223
p_suma2,2224
p_Temperatura,2225
pa_coef_esq,2226
pa_XCombustible,2237
pa_logk,2249
pa_k,2263
pa_kj_mol,2277
pa_cal_mol,2291
pa_a1_Hcal,2308
pa_a2_Hcal,2325
pa_a3_Hcal,2342
pa_a4_Hcal,2359
pa_a5_Hcal,2376
pa_a6_Hcal,2393
pa_a7_Hcal,2410
pa_a1_Hen,2427
pa_a2_Hen,2444
pa_a3_Hen,2461
pa_a4_Hen,2478
pa_a5_Hen,2495
pa_a6_Hen,2512
pa_a7_Hen,2529
pa_A1_KA,2546
pa_A2_KA,2563
pa_A3_KA,2580
pa_A4_KA,2597
pa_A5_KA,2614
pa_A6_KA,2631
pa_A7_KA,2648
pa_h0_href_R,2665
pa_h0_href,2674
pa_A_Cp,2683
pa_B_Cp,2692
pa_C_Cp,2701
pa_M_Gauss,2710
pa_hc,2730
pa_H_k,2747
pa_poli1,2764
pa_poli2,2781
p_i,2798
p_z,2799
p_j,2800
p_CO2_comb,2801
p_bioxido_kj_mol,2802
p_etano_kj_mol,2803
p_Hreactivos,2804
p_i_butano_kj_mol,2805
p_i_pentano_kj_mol,2806
p_metano_kj_mol,2807
p_n_butano_kj_mol,2808
p_n_hexano_kj_mol,2809
p_n_pentano_kj_mol,2810
p_neopentano_kj_mol,2811
p_Nitro_comb,2812
p_Nitro_aire,2813
p_nitrogeno_kj_mol,2814
p_nitrogeno2_kj_mol,2815
p_O2_aire,2816
p_oxigeno_kj_mol,2817
p_propano_kj_mol,2818
p_T_ref,2819
p_Tref_h,2820
p_Tref_flama,2821
p_TGSSEL,2822
p_T_aire_comb,2823
p_H2_inicial,2824
p_H2O_inicial,2825
p_CO2_inicial,2826
p_N2_inicial,2827
p_error1,2828
p_error2,2829
p_error3,2830
p_error4,2831
p_O2_prod,2832
p_Presion_comb_bar,2833
p_CO_prod,2834
p_C_prod,2835
p_rcomb_1,2836
p_rcomb_2,2837
p_rcomb_3,2838
p_rcomb_4,2839
p_CH4_prod,2840
p_x_res,2841
p_HCN_prod,2842
p_C_B,2843
p_C_C,2844
p_C_H2,2845
p_CH4_B,2846
p_CH4_C,2847
p_CH4_H2,2848
p_CO_B,2849
p_CO_C,2850
p_CO_H2,2851
p_O_prod,2852
p_F_com,2853
p_FA_comb,2854
p_FB_comb,2855
p_G_comb,2856
p_O3_prod,2857
p_HC_comb,2858
p_H_H2,2859
p_H_prod,2860
p_HCN_B,2861
p_HCN_C,2862
p_HCN_D,2863
p_HCN_H2,2864
p_N_D,2865
p_NH3_D,2866
p_NH3_H2,2867
p_NO_B,2868
p_NO_D,2869
p_NO_H2,2870
p_NO2_B,2871
p_NO2_D,2872
p_NO2_H2,2873
p_O_B,2874
p_O_H2,2875
p_O2_B,2876
p_O2_H2,2877
p_O3_B,2878
p_O3_H2,2879
p_OH_B,2880
p_OH_H2,2881
p_OH_prod,2882
p_R_CO,2883
p_R_HO,2884
p_R_NO,2885
p_NO_prod,2886
p_NO2_prod,2887
p_NH3_prod,2888
p_HNO3_prod,2889
p_N_prod,2890
p_aux2,2891
p_constante1,2892
p_d_gauss,2893
p_error5,2894
p_FC_comb,2895
p_FD_comb,2896
p_GA_comb,2897
p_GB_comb,2898
p_GC_comb,2899
p_GD_comb,2900
p_HA_comb,2901
p_HB_comb,2902
p_H_comb,2903
p_HD_comb,2904
p_J_comb,2905
p_JA_comb,2906
p_JB_comb,2907
p_JC_comb,2908
p_JD_comb,2909
p_N_H2,2910
p_Ni,2911
p_Ta_Newton,2912
p_Ti_Newton,2913
p_Tx_Newton,2914
p_C_a,2915
p_F_a,2916
p_NOx,2917
p_Q_a,2918
p_Temperatura_C,2919
p_Temperatura_F,2920
p_U_a,2921
p_V_a,2922
p_TemRefCROMA,2923
p_HF_nitrogenoR,2924
p_X_Agua_V,2925
p_X_Agua_Corregida,2926
p_X_NhexanoX,2927
p_X_PropanoX,2928
p_X_IbutanoX,2929
p_X_NbutanoX,2930
p_X_NeopentanoX,2931
p_X_IpentanoX,2932
p_X_NpentanoX,2933
p_X_nitrogenoRX,2934
p_X_metanoX,2935
p_X_bioxidoRX,2936
p_X_etanoX,2937
p_X_OxigenoX,2938
p_M_Oxigeno,2939
p_M_Agua,2940
p_B_Oxigeno,2941
p_B_aire,2942
p_Z_Aire_seco,2943
p_Z_Aire_humedo,2944
p_suma_productos,2945
p_error,2946
p_C_1,2947
p_H_1,2948
p_O_1,2949
p_N_1,2950
p_T_nueva,2951
p_h0_href_O2,2952
p_n_C6H14_g,2953
p_C3H8_g,2954
p_i_C4H10_g,2955
p_n_C4H10_g,2956
p_neo_C5H12_g,2957
p_i_C5H12_g,2958
p_n_C5H12_g,2959
p_N2,2960
p_CH4,2961
p_CO2,2962
p_C2H6_g,2963
p_O2,2964
p_NH3_B,2965
p_iteracion,2966
p_num1,2967
p_num2,2968
p_FALSE_CLUTCH_Y,2969
p_CORE_DIGITAL_FUELON,2970
p_SFC_STEP_RST_AND_ST,2971
p_OUT_RESTRTMASK,2972
p_SFC_STEP_AUXFAN_DLY,2973
p_OUT_CLRPMPOR,2974
p_SPEED_SW_COASTDOWN,2975
p_HYD_STRT_NOT_PMPON,2976
p_OUT_CLUTCHOFF,2977
p_FALSE_SEL_OFF,2978
p_OUT_MASK_ON,2979
p_LATCH_DE1364LAT,2980
p_ALARM_RESET,2981
p_HYD_STRT_LSLL1601SD,2982
p_FALSE_PROB_LAT,2983
p_LATCH1_PROB_LAT,2984
p_OUT_PMP_OFF,2985
p_HYD_STRT_DE1364A,2986
p_HYD_STRT_TRIPPED,2987
p_SFC_STEP_CRNKTMRDN,2988
p_SPEED_SW_N25GT4600,2989
p_SHUTDOWN_FOURHRLOK,2990
p_SHUTDOWN_SDN_CORE,2991
p_SFC_STEP_CRANKSTOP,2992
p_SFC_STEP_ES_1,2993
p_SFC_STEP_WWCRANK_11,2994
p_OUT_KILL_PUMP,2995
p_HYD_STRT_CNK_SEQPRM,2996
p_LATCH_STRT_LATCH,2997
p_TRUE_MASK_PMP,2998
p_OUT_MASK_PMP,2999
p_TP_out_AND_STRT_MASK_PMP,3000
p_Nout_AND_STRT_MASK_PMP,3001
p_Nout_out_AND_STRT_MASK_PMP,3002
p_TP_SFC_STEP_AUXFAN_DLY,3003
p_HYD_STRT_DLY_SD,3004
p_TP_HYD_STRT_DLY_SD,3005
p_HYD_STRT_MOT1615,3006
p_TP_HYD_STRT_MOT1615,3007
p_CORE_DIGITAL_RESET,3008
p_HYD_STRT_PSLL1605SD,3009
p_HYD_STRT_PDSH1600SD,3010
p_LATCH1_TRIPPED,3011
p_HYD_STRT_NOTSTART,3012
p_OUT_ST_A_OFFOR,3013
p_SFC_STEP_STRTR_SPD,3014
p_NC_OFFSPDSEL,3015
p_NO_OFFSPDSEL,3016
p_OUT_OFFSPDSEL,3017
p_SFC_STEP_LO_SPD_OR,3018
p_HYD_STRT_PUMPONDLY,3019
p_OUT_MASK_1,3020
p_SFC_STEP_HI_SPD_OR,3021
p_OUT_MASK_2,3022
p_FUEL_SYS_GAS100,3023
p_NC_CSTSPD_SW,3024
p_NO_CSTSPD_SW,3025
p_OUT_CSTSPD_SW,3026
p_SFC_STEP_HIEST_SEL,3027
p_OUT_MASK_3,3028
p_CORE_ANALOG_N25SEL,3029
p_TRUE_LIQ_GAS_2,3030
p_NO_LIQ_GAS_2,3031
p_NC_LIQ_GAS_2,3032
p_OUT_LIQ_GAS_2,3033
p_OUT_N25COMP1,3034
p_OUT_N25COMP2,3035
p_HYD_STRT_MOV_UP_Z,3036
p_LT_N25COMP1,3037
p_GT_N25COMP1,3038
p_LT_N25COMP2,3039
p_GT_N25COMP2,3040
p_OUT_RATE_SEL1,3041
p_OUT_RATE_SEL2,3042
p_OUT_RATE_SEL3,3043
p_HYD_STRT_MASK1,3044
p_HYD_STRT_MASK3,3045
p_OUT_FAIL_OR,3046
p_SPEED_SW_N25LT1200,3047
p_SPEED_SW_N25LT1700,3048
p_OUT_FLSPD_SW,3049
p_HYD_STRT_STRT_LATCH,3050
p_A1_A04_MPU_N25_MAX,3051
p_OUT_N25LT200,3052
p_FALSE_N25LO_MASK,3053
p_OUT_N25LO_MASK,3054
p_OUT_N25LT_DEL,3055
p_SHUTDOWN_SD_RESET,3056
p_OUT_FAILTOACC,3057
p_FL_DEL_TMR,3058
p_TP_FL_DEL_TMR,3059
p_CRANK_TMR,3060
p_TP_CRANK_TMR,3061
p_HYD_STRT_STRT_FAIL1,3062
p_N1N34_BI_LSLL1601,3063
p_N3N41_BI_HYD_ST_AUX,3064
p_N1N34_BI_TSH1602,3065
p_N1N34_BI_TSH1603,3066
p_N1N34_BI_PDSHH1600,3067
p_N1N34_BI_PSLL1605,3068
p_SFC_STEP_START_INIT,3069
p_SFC_STEP_CRANKING,3070
p_HYD_STRT_LSLL1601AL,3071
p_HYD_STRT_AUXCNTFLT,3072
p_HYD_STRT_AUXCONTDLY,3073
p_TP_HYD_STRT_AUXCONTDLY,3074
p_HYD_STRT_PDSHH1600D,3075
p_TP_HYD_STRT_PDSHH1600D,3076
p_HYD_STRT_MOT1615DLY,3077
p_TP_HYD_STRT_MOT1615DLY,3078
p_HYD_STRT_STRTORCRNK,3079
p_FMaire,3080
p_Temperatura_final_HEX_agua,3081
p_CIHEX,3082
p_Temperatura_aire_generador,3083
p_FlujoInAgua,3084
p_FlujoInQuimico,3085
p_LG6520,3086
p_LS6543,3087
p_TAH1620,3088
p_FMOT6535,3089
p_SOV6540,3090
p_PI6538,3091
p_SOV6516,3092
p_SOV6504,3093
p_ValBol1,3094
p_ValBol2,3095
p_ValBol3,3096
p_ValBol4,3097
p_OpSOV6540,3098
p_ClSOV6540,3099
p_OpSOV6516,3100
p_ClSOV6516,3101
p_OpSOV6504,3102
p_ClSOV6504,3103
p_Local_Remoto_WWash,3104
p_StartHS6505,3105
p_StopHS6505,3106
p_StartRemoto,3107
p_StopRemoto,3108
p_FallaMOT6535,3109
p_FallaSOV6516,3110
p_FallaSOV6540,3111
p_FallaSOV6504,3112
p_CIFMOT6535,3113
p_NivelTank,3114
p_CINivelTank,3115
p_OnMOT6535,3116
p_OffMOT6535,3117
p_qoutTank,3118
p_FugaTank,3119
p_qDren,3120
p_qOverflow,3121
p_PMOT6535,3122
p_CIPMOT6535,3123
p_ResetFuga,3124
p_qAire,3125
p_OnOffCompresor,3126
p_PotenciaCompresor,3127
p_PotMaxCompresor,3128
p_TempAireCompresor,3129
p_TempAireTanque,3130
p_PresionTanque,3131
p_NivelSecador,3132
p_FlujoInAire,3133
p_FlujoOutAire,3134
p_FlujoCompresor,3135
p_FlujoOutSecador,3136
p_Masa_Tanque,3137
p_VolumenTanque,3138
p_HumedadEspecifica,3139
p_EficienciaSecador,3140
p_DensidadAire,3141
p_TaoCompresor,3142
p_CvAire,3143
p_PresionAmbiente,3144
p_MasaCompresor,3145
p_VolCompresor,3146
p_PresionOutComp,3147
p_CIPotComp,3148
p_CITempAireComp,3149
p_CIMasaTanque,3150
p_CIPresionTanque,3151
p_CIDensidadAire,3152
p_TaoGeneradorUnidad,3153
p_PotenciaGenerador,3154
p_VoltajeGenerador,3155
p_VFAGeneradorU,3156
p_VFBGeneradorU,3157
p_VFCGeneradorU,3158
p_CFAGeneradorU,3159
p_CFBGeneradorU,3160
p_CFCGeneradorU,3161
p_GeneradorUnidadP,3162
p_GeneradorAuxiliar,3163
p_VoltajeGeneradorAuxiliar,3164
p_TaoGenAux,3165
p_CIVGenAux,3166
p_CIPGenAux,3167
p_CIGeneradorUnidadP,3168
p_CIGeneradorUnidadVFA,3169
p_CIGeneradorUnidadVFB,3170
p_CIGeneradorUnidadVFC,3171
p_TaoIsocrono,3172
p_SetPorecuencia,3173
p_CIContrIsoc,3174
p_ControlIsocrono,3175
p_PotMecanica,3176
p_PotElectrica,3177
p_AmortiguamientoAux,3178
p_RozamientoAux,3179
p_FrecGeneradorAux,3180
p_CIFrecAux,3181
p_CIPotElec,3182
p_CGeneradorAux,3183
p_TaoCuchillas,3184
p_C92BT221A,3185
p_CIC92BT221A,3186
p_C92BAT21A,3187
p_CIC92BAT21A,3188
p_C92BT221C,3189
p_CIC92BT221C,3190
p_C92BCT21A,3191
p_CIC92BCT21A,3192
p_C90MC,3193
p_CIC90MC,3194
p_VFAT21A,3195
p_VFBT21A,3196
p_VFCT21A,3197
p_CFAT21A,3198
p_CFBT21A,3199
p_CFCT21A,3200
p_VFAT20AuxG1,3201
p_VFBT20AuxG1,3202
p_VFCT20AuxG1,3203
p_CFAT20AuxG1,3204
p_CFBT20AuxG1,3205
p_CFCT20AuxG1,3206
p_VFAT00AuxG1,3207
p_VFBT00AuxG1,3208
p_VFCT00AuxG1,3209
p_CFAT00AuxG1,3210
p_CFBT00AuxG1,3211
p_CFCT00AuxG1,3212
p_VFAT221A,3213
p_VFBT221A,3214
p_VFCT221A,3215
p_CFAT221A,3216
p_CFBT221A,3217
p_CFCT221A,3218
p_VFAT221C,3219
p_VFBT221C,3220
p_VFCT221C,3221
p_CFAT221C,3222
p_CFBT221C,3223
p_CFCT221C,3224
p_TabCCM,3225
p_TabChiller,3226
p_TabCompAire,3227
p_TabBCI,3228
p_OnOffGenerador,3229
p_OnOffGeneradorAuxiliar,3230
p_OnOffC92BT221A,3231
p_OnOffC92BAT21A,3232
p_OnOffC92BT221C,3233
p_OnOffC92BCT21A,3234
p_OnOffC90MC,3235
p_I521T21A,3236
p_I522T21A,3237
p_I52AuxG1,3238
p_I51G1,3239
p_I501AuxG1,3240
p_I50ANG1,3241
p_I502AuxG1,3242
p_Conexion1T21A,3243
p_Conexion2T21A,3244
p_Conexion1T20AuxG1,3245
p_Conexion2T20AuxG1,3246
p_Conexion1T00AuxG1,3247
p_Conexion2T00AuxG1,3248
p_FGenerador,3249
p_FGeneradorAux,3250
p_FC92BT221A,3251
p_FC92BAT21A,3252
p_FC92BT221C,3253
p_FC92BCT21A,3254
p_FC90MC,3255
p_FI521T21A,3256
p_FI522T21A,3257
p_FI52AuxG1,3258
p_FI51G1,3259
p_FI501AuxG1,3260
p_FI50ANG1,3261
p_FI502AuxG1,3262
p_FTabCCM,3263
p_FTabChiller,3264
p_FTabCompAire,3265
p_FTabBCI,3266
p_CIIEx_GE,3267
p_CIVFaseA_GE,3268
p_CIVFaseB_GE,3269
p_CIVFaseC_GE,3270
p_Consigna_VanEx_GE,3271
p_delta,3272
p_IEx_GE,3273
p_IFaseA_GE,3274
p_IFaseB_GE,3275
p_IFaseC_GE,3276
p_arga_GE,3277
p_row_Bar,3278
p_x_GE,3279
p_KEx_GE,3280
p_KGen_GE_A,3281
p_KGen_GE_B,3282
p_KGen_GE_C,3283
p_KTranEx_GE,3284
p_Por_FA,3285
p_Por_FB,3286
p_Por_FC,3287
p_SatIEx,3288
p_TaoEx_GE,3289
p_TaoGen_GE,3290
p_VAB_GE,3291
p_VAC_GE,3292
p_VBC_GE,3293
p_VEx_GE,3294
p_VFaseA_GE,3295
p_VFaseB_GE,3296
p_VFaseC_GE,3297
p_VanEx_GE,3298
p_KcapaReac,3299
p_PActiva,3300
p_PReacFaseA_GE,3301
p_PReacFaseB_GE,3302
p_PReacFaseC_GE,3303
p_PReactiva,3304
p_PTotal,3305
p_Vred_GE,3306
p_ervAux,3307
p_ervProp,3308
p_VServAux,3309
p_VServProp,3310
p_Flujo_Aire_inTur,3311
p_SetPointFrecuencia,3312
p_CpAire,3313
p_ki,3314
p_kp,3315
p_Linf,3316
p_LSup,3317
p_errorPI,3318
p_Acc_P,3319
p_Acc_PI,3320
p_satu,3321
p_Valvula_control,3322
p_FallaVenti_Hex,3323
p_aire_comb,3324
p_UInter_AH,3325
p_MasaAceiteInter_AH,3326
p_CITempAceiteInter_AH,3327
p_Integral_AH,3328
p_CIInt_AH,3329
p_IntPro_AH,3330
p_SetPoint_AH,3331
p_TempAceiteIntercambiador_AH,3332
p_TempAceiteInTank_AH,3333
p_FlujoOutInter_AH,3334
p_Int_Ex,3335
p_RST_AND_ST,3336
p_AUXFAN_DLY,3337
p_OFF,3338
p_LInf,3339
p_WVentiB,3340
p_CI_PI_VentiB,3341
p_CI_VentiVelB,3342
p_VelFinalVentiB,3343
p_VelAireInB,3344
p_onoffVentTurbB,3345
p_AutomaticoVentB,3346
p_ManualVentB,3347
p_StartManualVentB,3348
p_StopManualVentB,3349
p_FallaVentiladorB,3350
p_WVentiGenB,3351
p_CI_VentiVelGenB,3352
p_ParInducidoMotorVentiGenB,3353
p_VelMaxVentiGenB,3354
p_VelFinalVentiGenB,3355
p_VelAireInGenB,3356
p_onoffVentGenB,3357
p_AutomaticoVentGenB,3358
p_ManualVentGenB,3359
p_StartManualVentGenB,3360
p_StopManualVentGenB,3361
p_FallaVentiGenB,3362
p_TE6232_F,3363
p_TE6232,3364
p_FlujoInTanque_AH,3365
p_Res_HE6888,3366
p_Consigna_VinTranEx_GE,3367
p_IntCarga_GE,3368
p_IntCrow_Bar,3369
p_IntEx_GE,3370
p_VinTranEx_GE,3371
p_IntServAux,3372
p_IntServProp,3373
p_IEx_IMagA,3374
p_IEx_IMagB,3375
p_CpMetal_AH476,3376
p_CI_PA,3377
p_PresionFinalVenti,3378
p_Flujo_Aire_inTur_B,3379
p_Temperatura_inTanqueDepu1,3380
p_J,3381
p_OUT_OUT_AND_STRT_MASK_PMP,3382